<?xml version="1.0" encoding="UTF-8"?>
<!--  Bean 설정 File  -->
<beans xmlns="http://www.springframework.org/schema/beans"
    xmlns:xsi="http://www.w3.org/2001/XMLSchema-instance"
    xmlns:context="http://www.springframework.org/schema/context"
    xsi:schemaLocation="http://www.springframework.org/schema/beans http://www.springframework.org/schema/beans/spring-beans.xsd
    http://www.springframework.org/schema/context http://www.springframework.org/schema/context/spring-context-4.0.xsd">
	
	<context:property-placeholder location="classpath:config/dbconn.properties"/>
<!-- 1. DataSource API 빈 정의 -->
	<bean id="dataSource" class="org.apache.commons.dbcp.BasicDataSource">
		<property name="driverClassName" value="${jdbc.oracle.driver}" />
		<property name="url" value="${jdbc.oracle.url}"></property>
		<property name="username" value="SCOTT"></property>
		<property name="password" value="TIGER"></property>
	</bean>
	
	<bean id="sqlSessionFactoryBean" class="org.mybatis.spring.SqlSessionFactoryBean">
		<property name="configLocation" value="config/SqlMapConfig.xml"></property>
		<property name="dataSource" ref="dataSource"></property>
	</bean>
	
	<bean id="sqlSessionTemplate" class="org.mybatis.spring.SqlSessionTemplate" >
		<constructor-arg name="sqlSessionFactory" ref="sqlSessionFactoryBean"></constructor-arg>
	</bean>
	
	<!--  3. 비지니스 로직 User Definition 빈 정의 :: 2개 정의 -->
	
	<context:component-scan base-package="spring.service.user.impl"></context:component-scan>
	
</beans>

<!--  객체생서으이 주체는 container에게.. ioc 제어의 역전, 프로그래머는 주문서 작성의 주체... -->