<?xml version="1.0" encoding="UTF-8"?>
<beans xmlns="http://www.springframework.org/schema/beans"
	xmlns:xsi="http://www.w3.org/2001/XMLSchema-instance"
	xmlns:context="http://www.springframework.org/schema/context"
	xmlns:mvc="http://www.springframework.org/schema/mvc"
	xsi:schemaLocation="http://www.springframework.org/schema/mvc http://www.springframework.org/schema/mvc/spring-mvc-4.3.xsd
		http://www.springframework.org/schema/beans http://www.springframework.org/schema/beans/spring-beans.xsd
		http://www.springframework.org/schema/context http://www.springframework.org/schema/context/spring-context-4.1.xsd">
	
	<mvc:resources location="/resources/" 	mapping="/**"/>
    <mvc:annotation-driven />
    
    <!-- 파일 업로드 처리를 위한  Resolver-->
    <bean  	id="multipartResolver"  
	class="org.springframework.web.multipart.commons.CommonsMultipartResolver"/>
    
    <!-- InternalResourceViewResolver -->
	<bean class="org.springframework.web.servlet.view.InternalResourceViewResolver">
        <property name="prefix" value="/"/>
        <property name="suffix" value=".jsp"/>
        <property name="order" value="1"/>
	</bean>
	
	<!-- BeanNameViewResolver -->
	<bean class="org.springframework.web.servlet.view.BeanNameViewResolver">
		<property name="order" value="0"/>
	</bean>
	
	 <!-- 스프링 Ajax -->
	<bean id="JsonView" class="org.springframework.web.servlet.view.json.MappingJackson2JsonView">
		<property name="contentType" value="text/html;charset=UTF-8"/>
	</bean>
	
	
    <context:component-scan base-package="com.service.spring.controller"/> 
</beans>
