<?xml version="1.0" encoding="UTF-8" ?>
<!DOCTYPE configuration PUBLIC "-//mybatis.org//DTD Config 3.0//EN"
	"http://mybatis.org/dtd/mybatis-3-config.dtd">
<configuration>

	<properties resource="config/dbconn.properties"></properties>
	
	<settings>
		<setting name="jdbcTypeForNull" value="NULL"/>
	</settings>
	
	<typeAliases>
		<typeAlias type="spring.service.domain.MemberVO" alias="member"/>
	</typeAliases>
	
	<environments default="develope">
		<environment id="develope">
			<transactionManager type="jdbc"></transactionManager>
			<dataSource type="UNPOOLED">
				<property name="driver" value="${jdbc.oracle.driver}"/>
				<property name="url" value="${jdbc.oracle.url}"/>
				<property name="username" value="SCOTT"/>
				<property name="password" value="TIGER"/>
			</dataSource>
		</environment>
	</environments>
	
	<mappers>
		<mapper resource="mapper/mybatis-memberservice-mapping.xml"/>
	</mappers>
	
</configuration>