<?xml version="1.0" encoding="UTF-8" ?>
<!DOCTYPE configuration PUBLIC "-//mybatis.org//DTD Config 3.0//EN"
	"http://mybatis.org/dtd/mybatis-3-config.dtd">
<configuration>
	<properties resource="config/jdbc.properties" />

	<settings>
		<setting name="jdbcTypeForNull" value="NULL"/>
		<setting name="mapUnderscoreToCamelCase" value="true" />		
	</settings>

	<typeAliases>
		<package name="com.service.spring.domain"/>
	</typeAliases>
	
	<!-- JUnit 기반의 단위테스트용  -->
 	<environments default="development">
		<environment id="development">
			<transactionManager type="JDBC" />
			<dataSource type="UNPOOLED">				
				<property name="driver" value="${JDBC.Driver}" />
				<property name="url" value="${JDBC.ConnectionURL}" />
				<property name="username" value="SCOTT" />
				<property name="password" value="TIGER" />
			</dataSource>
		</environment>
	</environments> 
	<mappers>		
		<mapper resource="mapper/phone_query.xml"/>	
	</mappers>
</configuration>
 
 
 
 
 
 
 
 
 
 
 
 
 
 
 
 
 
 
 
 